dataset,experiment,sample,assembler,quast_assembly_id,# contigs (>= 0 bp),# contigs (>= 1000 bp),# contigs (>= 5000 bp),# contigs (>= 10000 bp),# contigs (>= 25000 bp),# contigs (>= 50000 bp),Total length (>= 0 bp),Total length (>= 1000 bp),Total length (>= 5000 bp),Total length (>= 10000 bp),Total length (>= 25000 bp),Total length (>= 50000 bp),# contigs,Largest contig,Total length,GC (%),N50,N75,L50,L75,# N's per 100 kbp,# predicted rRNA genes,# predicted rRNA genes (complete),# predicted rRNA genes (partial),report_path
maghini,hybrid,D01,FLYE,FLYE-D01,4590,4507,3863,3174,1902,1050,260952198,260893035,258869482,253861569,232894494,202528794,4588,5243805,260951529,46.84,174159,56128,239,922,0.0,856 + 14 part,856,14,maghini/10.processing/results_hybrid/Assembly/FLYE/QC/D01/QUAST/report.tsv
maghini,hybrid,D01,MEGAHIT,MEGAHIT-D01,240801,53665,9581,4903,1826,739,369921074,275703963,191799366,159215786,111812911,74156305,131563,617594,329153893,47.79,9038,1607,5467,30533,0.0,217 + 83 part,217,83,maghini/10.processing/results_hybrid/Assembly/MEGAHIT/QC/D01/QUAST/report.tsv
maghini,hybrid,D01,METAMDBG,METAMDBG-D01,7083,7083,6710,5229,2168,857,296019228,296019228,294641326,282810534,234259224,188681224,7083,7072706,296019228,46.55,115912,30728,291,1728,0.0,871 + 35 part,871,35,maghini/10.processing/results_hybrid/Assembly/METAMDBG/QC/D01/QUAST/report.tsv
maghini,hybrid,D01,SPAdes,SPAdes-D01,567504,54250,9345,4902,1869,755,462160691,278856088,194751734,163966749,116688015,77993839,142363,624796,338620815,47.94,8881,1464,5469,33420,47.15,70 + 35 part,70,35,maghini/10.processing/results_hybrid/Assembly/SPAdes/QC/D01/QUAST/report.tsv
maghini,hybrid,D01,SPAdesHybrid,SPAdesHybrid-D01,485788,42344,9978,5103,2059,1055,486789799,335942143,271544533,237600175,191191765,155960862,104645,2832500,377819319,47.75,26371,3796,1970,12691,935.75,114 + 30 part,114,30,maghini/10.processing/results_hybrid/Assembly/SPAdesHybrid/QC/D01/QUAST/report.tsv
maghini,hybrid,D02,FLYE,FLYE-D02,4381,4251,3600,3045,2125,1357,349317659,349229145,347309348,343247066,328022849,300528144,4372,4229518,349313763,46.19,276861,93655,234,802,0.0,1121 + 19 part,1121,19,maghini/10.processing/results_hybrid/Assembly/FLYE/QC/D02/QUAST/report.tsv
maghini,hybrid,D02,MEGAHIT,MEGAHIT-D02,185518,52379,8388,4092,1731,717,325888915,258047758,171664706,142170123,105718199,69830370,109379,505115,297661641,46.78,8471,1849,4818,26379,0.0,154 + 58 part,154,58,maghini/10.processing/results_hybrid/Assembly/MEGAHIT/QC/D02/QUAST/report.tsv
maghini,hybrid,D02,METAMDBG,METAMDBG-D02,6234,6234,5994,4971,2602,1260,386288523,386288523,385397527,377235332,338997218,291543429,6234,3926575,386288523,46.1,238248,51397,249,1224,0.0,1197 + 29 part,1197,29,maghini/10.processing/results_hybrid/Assembly/METAMDBG/QC/D02/QUAST/report.tsv
maghini,hybrid,D02,SPAdes,SPAdes-D02,386158,51791,8863,4373,1694,700,382958315,262861987,177922550,147143838,105952191,71077674,112210,1232863,304306008,46.82,8833,1892,4908,26143,47.63,45 + 32 part,45,32,maghini/10.processing/results_hybrid/Assembly/SPAdes/QC/D02/QUAST/report.tsv
maghini,hybrid,D02,SPAdesHybrid,SPAdesHybrid-D02,270274,32343,12059,6564,2309,1049,422666238,347643677,301737062,262729683,197718408,154179339,57397,1951112,364503617,46.66,31829,8488,1760,7720,1211.75,86 + 25 part,86,25,maghini/10.processing/results_hybrid/Assembly/SPAdesHybrid/QC/D02/QUAST/report.tsv
maghini,hybrid,D03,FLYE,FLYE-D03,6907,6773,4604,3113,1534,752,176857635,176767919,170128555,159438979,134449657,107129032,6895,3224217,176853044,47.42,75372,26344,446,1464,0.0,517 + 23 part,517,23,maghini/10.processing/results_hybrid/Assembly/FLYE/QC/D03/QUAST/report.tsv
maghini,hybrid,D03,MEGAHIT,MEGAHIT-D03,261067,63069,12000,6343,2286,875,429807983,331187257,233040383,193637690,131045754,82344448,145304,584207,387868699,47.0,9946,1801,6373,32319,0.0,262 + 97 part,262,97,maghini/10.processing/results_hybrid/Assembly/MEGAHIT/QC/D03/QUAST/report.tsv
maghini,hybrid,D03,METAMDBG,METAMDBG-D03,6162,6162,5429,3853,1474,589,175876313,175876313,173215795,160968825,124183147,93842119,6162,3286335,175876313,47.07,57512,20817,479,1812,0.0,526 + 35 part,526,35,maghini/10.processing/results_hybrid/Assembly/METAMDBG/QC/D03/QUAST/report.tsv
maghini,hybrid,D03,SPAdes,SPAdes-D03,496559,61881,11994,6213,2227,844,481276931,324764382,229585432,189340829,127923349,80630831,143601,800914,380773332,47.03,9798,1781,6319,31840,54.7,79 + 24 part,79,24,maghini/10.processing/results_hybrid/Assembly/SPAdes/QC/D03/QUAST/report.tsv
maghini,hybrid,D03,SPAdesHybrid,SPAdesHybrid-D03,461930,53129,9479,5162,2372,1188,490229377,344360783,261739651,231840015,188464181,146984598,126175,2159903,394301323,47.06,20944,2341,2752,19741,630.48,103 + 21 part,103,21,maghini/10.processing/results_hybrid/Assembly/SPAdesHybrid/QC/D03/QUAST/report.tsv
maghini,hybrid,D04,FLYE,FLYE-D04,7793,7572,6533,5508,3628,2073,458286918,458135674,455011913,447487240,416612276,361088814,7779,3305515,458281250,47.64,156371,59708,545,1757,0.0,1477 + 46 part,1477,46,maghini/10.processing/results_hybrid/Assembly/FLYE/QC/D04/QUAST/report.tsv
maghini,hybrid,D04,MEGAHIT,MEGAHIT-D04,478231,124379,20702,9261,2975,1115,719787569,550198664,344973153,266156187,171499586,107754253,258495,491892,643550156,48.81,6089,1661,16484,71344,0.0,352 + 177 part,352,177,maghini/10.processing/results_hybrid/Assembly/MEGAHIT/QC/D04/QUAST/report.tsv
maghini,hybrid,D04,METAMDBG,METAMDBG-D04,11470,11470,10851,8716,4247,1862,522855635,522855635,520542730,503601679,431827278,348146409,11470,3306864,522855635,47.55,112387,35246,654,2920,0.0,1629 + 65 part,1629,65,maghini/10.processing/results_hybrid/Assembly/METAMDBG/QC/D04/QUAST/report.tsv
maghini,hybrid,D04,SPAdes,SPAdes-D04,667956,117668,20680,9120,2936,1133,741863767,544180886,349298496,269545457,176108938,113839283,233658,759364,624641865,48.58,6838,1868,14327,61456,59.11,117 + 60 part,117,60,maghini/10.processing/results_hybrid/Assembly/SPAdes/QC/D04/QUAST/report.tsv
maghini,hybrid,D04,SPAdesHybrid,SPAdesHybrid-D04,558678,84517,20466,10661,3884,1772,776575555,614000185,483865185,414981539,311153722,238015542,170148,2178233,672925673,48.53,20022,3947,5015,25160,1367.12,194 + 48 part,194,48,maghini/10.processing/results_hybrid/Assembly/SPAdesHybrid/QC/D04/QUAST/report.tsv
maghini,hybrid,D05,FLYE,FLYE-D05,4731,4645,3999,3243,2057,1186,316741949,316684074,314671129,309098859,289479770,258268156,4727,3352171,316740252,48.43,245450,72335,212,845,0.0,1049 + 16 part,1049,16,maghini/10.processing/results_hybrid/Assembly/FLYE/QC/D05/QUAST/report.tsv
maghini,hybrid,D05,MEGAHIT,MEGAHIT-D05,192856,48250,9253,4979,2016,865,348422494,275055656,199995657,170070869,124151655,84344966,109509,520323,317389519,48.32,12754,2070,3971,21611,0.0,175 + 86 part,175,86,maghini/10.processing/results_hybrid/Assembly/MEGAHIT/QC/D05/QUAST/report.tsv
maghini,hybrid,D05,METAMDBG,METAMDBG-D05,6625,6625,6269,4918,2182,974,346723008,346723008,345393741,334542603,291342347,249123707,6625,3658791,346723008,48.33,262542,41449,197,1214,0.0,1099 + 40 part,1099,40,maghini/10.processing/results_hybrid/Assembly/METAMDBG/QC/D05/QUAST/report.tsv
maghini,hybrid,D05,SPAdes,SPAdes-D05,404141,50457,9557,5083,2000,858,413620091,283384984,205268419,174218092,126342342,86528191,119368,1086115,330472104,48.4,12075,1914,4266,24025,50.99,74 + 30 part,74,30,maghini/10.processing/results_hybrid/Assembly/SPAdes/QC/D05/QUAST/report.tsv
maghini,hybrid,D05,SPAdesHybrid,SPAdesHybrid-D05,301885,35581,10882,5685,2204,1179,447090823,357956046,304548547,267960012,214744907,179328400,71628,1842826,382266850,48.52,39362,7192,1446,7904,1179.82,144 + 20 part,144,20,maghini/10.processing/results_hybrid/Assembly/SPAdesHybrid/QC/D05/QUAST/report.tsv
maghini,hybrid,D06,FLYE,FLYE-D06,4527,4404,3678,3036,1909,1077,306402166,306315629,304097340,299389105,280715130,251119125,4524,3967234,306401152,47.68,289157,74627,166,731,0.0,1112 + 23 part,1112,23,maghini/10.processing/results_hybrid/Assembly/FLYE/QC/D06/QUAST/report.tsv
maghini,hybrid,D06,MEGAHIT,MEGAHIT-D06,200145,49268,8703,4567,1919,871,348334970,271977824,193685753,165116055,123954752,87411138,113560,619946,316275620,48.03,11841,1920,3926,23458,0.0,202 + 86 part,202,86,maghini/10.processing/results_hybrid/Assembly/MEGAHIT/QC/D06/QUAST/report.tsv
maghini,hybrid,D06,METAMDBG,METAMDBG-D06,6406,6406,6064,4767,2168,959,342655938,342655938,341388019,331024437,289596768,247013206,6406,5069311,342655938,47.6,264421,42125,173,1178,0.0,1140 + 31 part,1140,31,maghini/10.processing/results_hybrid/Assembly/METAMDBG/QC/D06/QUAST/report.tsv
maghini,hybrid,D06,SPAdes,SPAdes-D06,441896,49152,8596,4469,1856,870,410968278,269968494,192469588,163932878,123976378,89697128,118873,666177,317461335,48.01,11250,1781,3978,24762,41.47,60 + 37 part,60,37,maghini/10.processing/results_hybrid/Assembly/SPAdes/QC/D06/QUAST/report.tsv
maghini,hybrid,D06,SPAdesHybrid,SPAdesHybrid-D06,343078,36254,10880,5708,2082,982,444192895,343342136,289243409,252928557,198174853,160240945,74125,1928770,368854121,48.13,31822,6471,1593,8666,1013.12,110 + 26 part,110,26,maghini/10.processing/results_hybrid/Assembly/SPAdesHybrid/QC/D06/QUAST/report.tsv
maghini,hybrid,D07,FLYE,FLYE-D07,8817,8630,6059,4158,2053,1015,257688747,257561808,249756733,235899194,202519957,166302773,8803,3378204,257683152,47.97,101182,29894,469,1716,0.0,707 + 23 part,707,23,maghini/10.processing/results_hybrid/Assembly/FLYE/QC/D07/QUAST/report.tsv
maghini,hybrid,D07,MEGAHIT,MEGAHIT-D07,278983,70930,14904,8017,3311,1411,540369350,438157420,327339252,279364899,206274046,140057869,153545,1032242,495082136,48.29,15153,2584,5427,27345,0.0,281 + 116 part,281,116,maghini/10.processing/results_hybrid/Assembly/MEGAHIT/QC/D07/QUAST/report.tsv
maghini,hybrid,D07,METAMDBG,METAMDBG-D07,7691,7691,6646,4625,1900,804,250125018,250125018,246307923,230630653,188480299,150036763,7691,3082203,250125018,47.56,88966,25456,427,1865,0.0,737 + 30 part,737,30,maghini/10.processing/results_hybrid/Assembly/METAMDBG/QC/D07/QUAST/report.tsv
maghini,hybrid,D07,SPAdes,SPAdes-D07,564458,68181,14661,7796,3183,1421,609465222,433468581,327733520,280003728,208347180,146828404,154401,1045394,492133454,48.36,15831,2618,5098,26261,46.0,101 + 36 part,101,36,maghini/10.processing/results_hybrid/Assembly/SPAdes/QC/D07/QUAST/report.tsv
maghini,hybrid,D07,SPAdesHybrid,SPAdesHybrid-D07,534736,57801,11576,6294,2975,1619,619902676,451306729,361774625,325172266,273932130,226213823,138006,1094148,505712106,48.34,34895,3536,2258,15749,625.22,130 + 40 part,130,40,maghini/10.processing/results_hybrid/Assembly/SPAdesHybrid/QC/D07/QUAST/report.tsv
maghini,hybrid,D08,FLYE,FLYE-D08,4179,4076,3630,3086,2091,1336,370050441,369979643,368614124,364514905,347981037,321040028,4174,4543218,370048435,46.92,331753,102034,204,737,0.0,1267 + 24 part,1267,24,maghini/10.processing/results_hybrid/Assembly/FLYE/QC/D08/QUAST/report.tsv
maghini,hybrid,D08,MEGAHIT,MEGAHIT-D08,215744,55725,10526,5323,2102,896,383257862,303320488,213722389,177638549,127966722,85942385,121325,478816,348454187,48.04,10695,2080,4993,25859,0.0,198 + 62 part,198,62,maghini/10.processing/results_hybrid/Assembly/MEGAHIT/QC/D08/QUAST/report.tsv
maghini,hybrid,D08,METAMDBG,METAMDBG-D08,6630,6630,6324,5100,2666,1322,419343819,419343819,418192699,408307056,369512488,322065143,6630,5202317,419343819,46.67,269930,55156,232,1179,0.0,1391 + 41 part,1391,41,maghini/10.processing/results_hybrid/Assembly/METAMDBG/QC/D08/QUAST/report.tsv
maghini,hybrid,D08,SPAdes,SPAdes-D08,515301,55209,10644,5333,2037,867,457168358,300132144,211408429,174542503,124179245,83689160,123751,543488,346729789,47.94,10199,2035,5217,26378,48.55,62 + 25 part,62,25,maghini/10.processing/results_hybrid/Assembly/SPAdes/QC/D08/QUAST/report.tsv
maghini,hybrid,D08,SPAdesHybrid,SPAdesHybrid-D08,395054,35719,12611,7074,2725,1261,496698454,385658344,334616292,295396371,228771463,178054122,69087,1335545,407946765,47.64,35026,8490,1885,8222,1215.66,111 + 25 part,111,25,maghini/10.processing/results_hybrid/Assembly/SPAdesHybrid/QC/D08/QUAST/report.tsv
maghini,hybrid,D09,FLYE,FLYE-D09,5203,5040,4209,3452,2215,1292,329188694,329082189,326643417,321101296,300784830,268008307,5190,3991010,329183356,46.49,224778,70855,253,937,0.0,1025 + 22 part,1025,22,maghini/10.processing/results_hybrid/Assembly/FLYE/QC/D09/QUAST/report.tsv
maghini,hybrid,D09,MEGAHIT,MEGAHIT-D09,218187,54423,10795,5503,2063,887,385587064,305010232,219320018,182351923,129136011,88378946,119505,540717,349897268,47.36,11500,2147,4813,24418,0.0,207 + 63 part,207,63,maghini/10.processing/results_hybrid/Assembly/MEGAHIT/QC/D09/QUAST/report.tsv
maghini,hybrid,D09,METAMDBG,METAMDBG-D09,7022,7022,6567,5069,2282,960,363554804,363554804,361867788,349905649,305627064,259352180,7022,4927758,363554804,46.5,282101,40862,191,1257,0.0,1200 + 37 part,1200,37,maghini/10.processing/results_hybrid/Assembly/METAMDBG/QC/D09/QUAST/report.tsv
maghini,hybrid,D09,SPAdes,SPAdes-D09,435857,52980,10778,5530,2055,853,437031807,301815499,219110767,182523853,128801164,87451480,119248,591155,346988749,47.37,11846,2165,4700,23715,63.23,59 + 25 part,59,25,maghini/10.processing/results_hybrid/Assembly/SPAdes/QC/D09/QUAST/report.tsv
maghini,hybrid,D09,SPAdesHybrid,SPAdesHybrid-D09,351690,37497,10910,5901,2404,1194,465571097,362050433,306021877,270861278,217728660,175562406,78362,2873739,389574968,47.33,36647,6718,1641,8515,1468.05,128 + 31 part,128,31,maghini/10.processing/results_hybrid/Assembly/SPAdesHybrid/QC/D09/QUAST/report.tsv
maghini,hybrid,D10,FLYE,FLYE-D10,5356,5255,3796,2701,1387,676,184240578,184171421,179763486,171877465,150932338,125907675,5351,4981223,184238575,45.7,132170,36582,244,965,0.0,542 + 31 part,542,31,maghini/10.processing/results_hybrid/Assembly/FLYE/QC/D10/QUAST/report.tsv
maghini,hybrid,D10,MEGAHIT,MEGAHIT-D10,112540,35076,7684,4618,2097,937,283903663,243881585,190723390,169224615,129608236,88958022,69981,774169,268283615,46.78,22938,3487,2287,10200,0.0,138 + 48 part,138,48,maghini/10.processing/results_hybrid/Assembly/MEGAHIT/QC/D10/QUAST/report.tsv
maghini,hybrid,D10,METAMDBG,METAMDBG-D10,5104,5104,4604,3403,1422,624,184615424,184615424,182775246,173403513,141950448,113922221,5104,4974635,184615424,45.41,90333,27400,298,1289,0.0,578 + 30 part,578,30,maghini/10.processing/results_hybrid/Assembly/METAMDBG/QC/D10/QUAST/report.tsv
maghini,hybrid,D10,SPAdes,SPAdes-D10,185888,35051,7408,4549,2108,947,303289218,245086960,191727538,171664830,133318775,92005664,70978,773251,269982310,46.99,24151,3429,2177,10019,28.19,40 + 25 part,40,25,maghini/10.processing/results_hybrid/Assembly/SPAdes/QC/D10/QUAST/report.tsv
maghini,hybrid,D10,SPAdesHybrid,SPAdesHybrid-D10,160609,27498,5706,3213,1619,963,310994442,260569489,217542487,200266706,175691437,152642910,56542,2178548,280613891,46.98,66595,6615,750,4470,597.72,69 + 26 part,69,26,maghini/10.processing/results_hybrid/Assembly/SPAdesHybrid/QC/D10/QUAST/report.tsv
