stage,process,granularity,n_tasks,cpu_hours,cpu_hours_range,cpu_hours_total,peak_rss_gb,peak_rss_gb_range,realtime_h,realtime_h_range,workdir_gb,workdir_gb_range
Short-read preprocessing,BOWTIE2_PHIX_REMOVAL_ALIGN,per sample,11,10.03,6.42-32.08,139.5,0.09,0.06-0.13,1.35,0.87-4.45,5.31,3.11-14.26
Short-read preprocessing,FASTP,per sample,11,0.26,0.15-0.66,3.5,1.4,1.4-1.4,0.07,0.04-0.14,5.72,3.36-15.43
Short-read preprocessing,FASTQC_RAW,per sample,11,0.14,0.08-0.36,1.8,2.4,1.7-2.9,0.08,0.04-0.2,0.0,0.0-0.0
Short-read preprocessing,FASTQC_TRIMMED,per sample,11,0.13,0.08-0.38,1.8,2.3,1.9-2.6,0.07,0.04-0.2,0.0,0.0-0.0
Short-read preprocessing,BOWTIE2_PHIX_REMOVAL_BUILD,once per run,2,0.0,0.0-0.0,0.0,0.0,0.0-0.0,0.0,0.0-0.0,0.01,0.01-0.01
Long-read preprocessing,PORECHOP_ABI,per sample,11,0.85,0.37-3.38,11.4,33.2,13.8-57.9,0.85,0.36-2.09,8.18,3.32-15.19
Long-read preprocessing,CHOPPER,per sample,11,0.76,0.28-1.53,8.5,0.02,0.01-0.07,0.66,0.24-1.42,7.49,2.76-14.85
Long-read preprocessing,NANOPLOT_RAW,per sample,11,0.13,0.05-0.18,1.4,0.81,0.59-1.3,0.14,0.06-0.2,0.0,0.0-0.0
Long-read preprocessing,NANOPLOT_FILTERED,per sample,11,0.11,0.04-0.17,1.2,0.53,0.42-0.65,0.12,0.05-0.18,0.0,0.0-0.0
Short-read assembly,METASPADES,per sample,11,36.01,24.13-112.54,518.4,42.1,34.9-110.1,6.05,4.06-18.03,13.26,9.92-26.07
Short-read assembly,MEGAHIT,per sample,11,14.11,10.21-31.26,201.2,9.3,5.4-24.4,1.99,1.45-4.34,1.62,1.13-3.28
Short-read assembly,GUNZIP_SHORTREAD_ASSEMBLIES,per sample,33,0.0,0.0-0.0,0.0,0.0,0.0-0.0,0.0,0.0-0.0,0.43,0.27-0.83
Hybrid assembly,METASPADESHYBRID,per sample,11,54.76,34.61-107.24,672.7,42.1,34.9-116.0,9.01,5.95-17.62,13.49,9.95-26.1
Hybrid assembly,POOL_LONG_READS,per sample,11,0.0,0.0-0.0,0.0,0.01,0.01-0.01,0.02,0.0-0.03,7.49,2.76-14.85
Long-read assembly,FLYE,per sample,11,18.79,6.95-36.91,205.2,27.7,12.9-40.0,2.8,1.1-5.46,4.77,2.71-8.19
Long-read assembly,METAMDBG_ASM,per sample,11,21.4,5.18-25.82,184.4,7.7,7.2-9.9,3.21,0.82-4.04,0.09,0.05-0.18
Long-read assembly,GUNZIP_LONGREAD_ASSEMBLIES,per sample,22,0.0,0.0-0.0,0.0,0.0,0.0-0.0,0.0,0.0-0.0,0.32,0.16-0.62
Assembly polishing (pypolca),PYPOLCA_RUN,per sample,22,3.44,2.11-9.4,95.6,4.6,4.6-4.6,2.15,1.39-5.83,1.13,0.68-2.92
Assembly QC (QUAST),QUAST,per assembly,55,0.07,0.04-0.16,4.5,0.86,0.46-6.0,0.08,0.05-0.16,0.0,0.0-0.0
Assembly QC (ALE),ALE,per assembly,33,0.64,0.32-2.33,24.7,8.9,5.6-16.8,0.65,0.32-2.48,0.0,0.0-0.0
Read mapping + depth,BOWTIE2_ASSEMBLY_ALIGN,per assembly,33,5.61,3.02-18.75,242.4,7.8,7.3-9.2,0.84,0.42-2.81,3.45,2.2-9.11
Read mapping + depth,MINIMAP2_ASSEMBLY_ALIGN,per assembly,22,1.69,0.58-2.41,34.2,12.1,11.2-14.3,0.24,0.08-0.37,7.61,2.8-10.65
Read mapping + depth,BOWTIE2_ASSEMBLY_BUILD,per assembly,33,0.1,0.06-0.19,3.4,2.2,1.4-4.2,0.1,0.06-0.19,0.63,0.4-1.21
Read mapping + depth,METABAT2_JGISUMMARIZEBAMCONTIGDEPTHS_SHORTREAD,per assembly,33,0.03,0.02-0.15,1.5,0.06,0.02-0.17,0.04,0.02-0.2,0.0,0.0-0.01
Read mapping + depth,MAG_DEPTHS,per assembly x binner,385,0.0,0.0-0.0,0.6,0.1,0.03-0.5,0.0,0.0-0.0,0.0,0.0-0.0
Read mapping + depth,METABAT2_JGISUMMARIZEBAMCONTIGDEPTHS_LONGREAD,per assembly,22,0.02,0.01-0.02,0.4,0.02,0.02-0.04,0.02,0.01-0.04,0.0,0.0-0.0
Read mapping + depth,MINIMAP2_ASSEMBLY_INDEX,per assembly,22,0.0,0.0-0.01,0.1,2.0,1.1-4.0,0.0,0.0-0.01,1.01,0.55-1.89
Read mapping + depth,CONVERT_DEPTHS,per assembly,55,0.0,0.0-0.0,0.0,0.0,0.0-0.01,0.0,0.0-0.0,0.0,0.0-0.05
Binning,COMEBIN_RUNCOMEBIN,per assembly,55,31.78,7.27-202.67,3063.5,16.0,14.2-34.0,5.3,1.28-28.91,5.44,2.07-12.14
Binning,CONCOCT_CONCOCT,per assembly,55,8.38,0.64-33.71,525.0,0.63,0.3-1.4,1.24,0.1-4.69,0.15,0.04-0.4
Binning,METABINNER_METABINNER,per assembly,55,3.04,1.4-8.26,190.4,2.8,1.8-4.9,0.82,0.37-1.93,15.04,7.67-31.54
Binning,MAXBIN2,per assembly,55,0.86,0.17-3.8,53.1,1.4,0.4-4.4,0.77,0.12-3.66,0.12,0.05-0.24
Binning,SEMIBIN_SINGLEEASYBIN,per assembly,55,0.47,0.24-0.9,27.2,1.4,1.0-2.6,0.3,0.15-0.61,0.22,0.08-0.5
Binning,METABAT2_METABAT2,per assembly,55,0.08,0.01-0.42,5.5,0.91,0.35-4.7,0.02,0.0-0.07,0.12,0.05-0.31
Binning,METABINNER_BINS,per assembly,55,0.09,0.04-0.18,5.3,0.11,0.08-0.2,0.09,0.04-0.19,0.12,0.05-0.24
Binning,SPLIT_FASTA,per assembly x binner,165,0.02,0.0-0.1,3.9,0.16,0.04-0.44,0.02,0.0-0.1,0.02,0.0-0.1
Binning,CONCOCT_CONCOCTCOVERAGETABLE,per assembly,55,0.06,0.03-0.14,3.7,0.22,0.09-1.1,0.08,0.03-0.22,0.01,0.0-0.07
Binning,CONCOCT_EXTRACTFASTABINS,per assembly,55,0.02,0.01-0.04,1.2,0.6,0.25-1.6,0.03,0.01-0.06,0.1,0.05-0.19
Binning,METABINNER_KMER,per assembly,55,0.02,0.01-0.04,1.2,0.3,0.1-0.76,0.02,0.01-0.05,0.02,0.0-0.06
Binning,SEQKIT_STATS,per assembly x binner,330,0.0,0.0-0.0,0.3,0.05,0.01-0.07,0.0,0.0-0.01,0.0,0.0-0.0
Binning,METABINNER_TOOSHORT,per assembly,55,0.0,0.0-0.0,0.1,0.47,0.11-1.2,0.0,0.0-0.01,0.3,0.16-0.62
Binning,CONCOCT_CUTUPFASTA,per assembly,55,0.0,0.0-0.0,0.1,0.12,0.04-0.15,0.0,0.0-0.01,0.41,0.16-0.93
Binning,CONCOCT_MERGECUTUPCLUSTERING,per assembly,55,0.0,0.0-0.0,0.0,0.13,0.09-0.14,0.0,0.0-0.0,0.0,0.0-0.0
Bin refinement (DAS Tool),DASTOOL_DASTOOL,per assembly,55,0.71,0.34-1.46,40.2,0.67,0.44-1.3,0.26,0.09-0.72,0.51,0.24-1.05
Bin refinement (DAS Tool),RENAME_POSTDASTOOL,per assembly,55,0.02,0.01-0.04,1.0,0.01,0.01-0.01,0.03,0.01-0.05,0.1,0.05-0.19
Bin refinement (DAS Tool),DASTOOL_FASTATOCONTIG2BIN,per bin,330,0.0,0.0-0.0,0.3,0.02,0.01-0.08,0.0,0.0-0.01,0.0,0.0-0.01
Bin refinement (DAS Tool),RENAME_PREDASTOOL,per assembly x binner,330,0.0,0.0-0.0,0.2,0.01,0.0-0.01,0.01,0.0-0.02,0.26,0.09-0.63
Bin QC (BUSCO),BUSCO_BUSCO,per assembly x binner,385,4.63,1.5-14.52,1958.7,8.7,6.1-14.6,2.04,0.61-6.39,0.79,0.36-1.73
Bin QC (BUSCO),CONCAT_BUSCO_TSV,once per run,2,0.0,0.0-0.0,0.0,0.02,0.02-0.02,0.0,0.0-0.0,0.0,0.0-0.01
Bin QC (CheckM2),CHECKM2_PREDICT,per assembly x binner,385,1.03,0.5-2.45,416.6,13.2,12.5-19.2,0.23,0.1-0.57,0.12,0.04-0.29
Bin QC (CheckM2),CONCAT_CHECKM2_TSV,once per run,2,0.0,0.0-0.0,0.0,0.03,0.02-0.04,0.0,0.0-0.0,0.0,0.0-0.01
Bin QC (QUAST),QUAST_BINS,per assembly x binner,385,0.13,0.04-0.44,57.5,0.29,0.1-0.79,0.18,0.05-0.7,0.15,0.04-0.59
Bin QC (QUAST),CONCAT_QUAST_SUMMARY,once per run,2,0.0,0.0-0.0,0.0,0.03,0.02-0.05,0.0,0.0-0.0,0.0,0.0-0.01
Bin QC (GUNC),GUNC_RUN,per assembly x binner,385,3.08,1.54-6.37,1217.4,9.3,8.8-9.9,0.76,0.32-1.63,0.12,0.04-0.31
Bin QC (GUNC),CONCAT_GUNC_TSV,once per run,2,0.0,0.0-0.0,0.0,0.03,0.01-0.04,0.0,0.0-0.0,0.0,0.0-0.0
Annotation (Prodigal/Prokka),PROKKA,per bin,50086,0.08,0.0-2.28,4141.5,0.4,0.02-3.9,0.04,0.0-1.32,0.02,0.0-0.61
Annotation (Prodigal/Prokka),PRODIGAL,per assembly,55,0.71,0.34-1.36,40.2,0.08,0.05-0.14,0.72,0.34-1.39,0.59,0.24-1.3
Taxonomic classification (CAT),CATPACK_BINS,per assembly x binner,35,23.95,12.36-41.14,881.7,112.4,111.7-116.0,4.68,2.36-7.72,1.64,0.61-2.59
Taxonomic classification (CAT),CATPACK_ADDNAMES_BINS,per assembly x binner,35,0.0,0.0-0.0,0.0,0.01,0.0-0.08,0.0,0.0-0.0,0.0,0.0-0.0
Taxonomic classification (CAT),CATPACK_SUMMARISE_BINS,per assembly x binner,4,0.0,0.0-0.0,0.0,0.02,0.01-0.03,0.0,0.0-0.0,0.0,0.0-0.0
Taxonomic classification (GTDB-Tk),GTDBTK_CLASSIFYWF,per assembly x binner,385,0.46,0.04-1.16,188.5,183.0,14.7-206.6,1.11,0.02-2.88,0.32,0.0-0.32
Taxonomic classification (GTDB-Tk),GTDBTK_SUMMARY,once per run,2,0.01,0.0-0.01,0.0,0.11,0.08-0.15,0.01,0.0-0.02,0.02,0.0-0.03
Reporting,MULTIQC,once per run,2,0.16,0.03-0.29,0.3,8.1,4.2-12.0,0.3,0.08-0.51,0.8,0.24-1.35
Reporting,MAG_DEPTHS_SUMMARY,once per run,2,0.0,0.0-0.0,0.0,0.07,0.06-0.07,0.0,0.0-0.0,0.0,0.0-0.0
Reporting,BIN_SUMMARY,once per run,2,0.0,0.0-0.0,0.0,0.14,0.09-0.19,0.0,0.0-0.0,0.03,0.01-0.05
