dataset,sample,assembler,assembly,# contigs (>= 0 bp),# contigs (>= 1000 bp),# contigs (>= 5000 bp),# contigs (>= 10000 bp),# contigs (>= 25000 bp),# contigs (>= 50000 bp),Total length (>= 0 bp),Total length (>= 1000 bp),Total length (>= 5000 bp),Total length (>= 10000 bp),Total length (>= 25000 bp),Total length (>= 50000 bp),# contigs,Largest contig,Total length,GC (%),N50,N75,L50,L75,# N's per 100 kbp,# predicted rRNA genes
maghini,D01,FLYE,FLYE-D01,4508,4420,3814,3112,1873,1037,260209111,260150361,258244849,253082380,232613430,202533109,4502,5242506,260206726,46.81,182851,57492,238,901,0.00,840 + 23 part
maghini,D01,MEGAHIT,MEGAHIT-D01,240801,53665,9581,4903,1826,739,369921074,275703963,191799366,159215786,111812911,74156305,131563,617594,329153893,47.79,9038,1607,5467,30533,0.00,217 + 83 part
maghini,D01,METAMDBG,METAMDBG-D01,7084,7084,6719,5238,2166,860,296119926,296119926,294773726,282974596,234240902,188854936,7084,7073170,296119926,46.56,115642,30749,292,1729,0.00,878 + 36 part
maghini,D01,SPAdes,SPAdes-D01,567504,54250,9345,4902,1869,755,462160691,278856088,194751734,163966749,116688015,77993839,142363,624796,338620815,47.94,8881,1464,5469,33420,47.15,70 + 35 part
maghini,D01,SPAdesHybrid,SPAdesHybrid-D01,485788,42344,9978,5103,2059,1055,486789799,335942143,271544533,237600175,191191765,155960862,104645,2832500,377819319,47.75,26371,3796,1970,12691,935.75,114 + 30 part
maghini,D02,FLYE,FLYE-D02,4418,4293,3637,3085,2140,1368,350500429,350415586,348449859,344429009,328675554,301154075,4407,4215712,350495455,46.16,273338,92064,230,810,0.00,1167 + 19 part
maghini,D02,MEGAHIT,MEGAHIT-D02,185518,52379,8388,4092,1731,717,325888915,258047758,171664706,142170123,105718199,69830370,109379,505115,297661641,46.78,8471,1849,4818,26379,0.00,154 + 58 part
maghini,D02,METAMDBG,METAMDBG-D02,6232,6232,5996,4959,2601,1263,386075747,386075747,385199941,376926838,338899993,291449334,6232,3926642,386075747,46.10,235895,51451,252,1226,0.00,1194 + 30 part
maghini,D02,SPAdes,SPAdes-D02,386158,51791,8863,4373,1694,700,382958315,262861987,177922550,147143838,105952191,71077674,112210,1232863,304306008,46.82,8833,1892,4908,26143,47.63,45 + 32 part
maghini,D02,SPAdesHybrid,SPAdesHybrid-D02,270274,32343,12059,6564,2309,1049,422666238,347643677,301737062,262729683,197718408,154179339,57397,1951112,364503617,46.66,31829,8488,1760,7720,1211.75,86 + 25 part
maghini,D03,FLYE,FLYE-D03,6943,6805,4619,3175,1548,720,176514155,176418621,169711485,159344501,133687942,104611669,6934,3224340,176510621,47.36,72714,25981,446,1497,0.00,538 + 34 part
maghini,D03,MEGAHIT,MEGAHIT-D03,261067,63069,12000,6343,2286,875,429807983,331187257,233040383,193637690,131045754,82344448,145304,584207,387868699,47.00,9946,1801,6373,32319,0.00,262 + 97 part
maghini,D03,METAMDBG,METAMDBG-D03,6167,6167,5428,3851,1476,590,175920916,175920916,173235248,160990707,124251471,93850197,6167,3330949,175920916,47.09,57400,20795,480,1813,0.00,523 + 35 part
maghini,D03,SPAdes,SPAdes-D03,496559,61881,11994,6213,2227,844,481276931,324764382,229585432,189340829,127923349,80630831,143601,800914,380773332,47.03,9798,1781,6319,31840,54.70,79 + 24 part
maghini,D03,SPAdesHybrid,SPAdesHybrid-D03,461930,53129,9479,5162,2372,1188,490229377,344360783,261739651,231840015,188464181,146984598,126175,2159903,394301323,47.06,20944,2341,2752,19741,630.48,103 + 21 part
maghini,D04,FLYE,FLYE-D04,7794,7596,6581,5546,3695,2155,460264436,460128575,457050822,449429089,419189384,364239096,7789,3531231,460262163,47.58,151171,60626,571,1809,0.00,1519 + 32 part
maghini,D04,MEGAHIT,MEGAHIT-D04,478237,124379,20702,9261,2975,1115,719789080,550198743,344973411,266156214,171499586,107754253,258495,491892,643550110,48.81,6089,1661,16484,71344,0.00,352 + 177 part
maghini,D04,METAMDBG,METAMDBG-D04,11469,11469,10855,8750,4259,1859,523904313,523904313,521615095,504867759,432661777,348448615,11469,3306610,523904313,47.57,112252,35200,655,2929,0.00,1638 + 70 part
maghini,D04,SPAdes,SPAdes-D04,667945,117666,20680,9120,2936,1133,741864636,544186412,349305017,269553367,176109918,113839283,233649,759364,624643088,48.58,6839,1869,14326,61452,59.11,117 + 60 part
maghini,D04,SPAdesHybrid,SPAdesHybrid-D04,558686,84520,20466,10660,3884,1772,776575502,613998522,483857673,414965898,311153657,238015477,170150,2178233,672924329,48.53,20015,3947,5015,25162,1367.79,194 + 48 part
maghini,D05,FLYE,FLYE-D05,4823,4732,4030,3270,2054,1180,317514208,317451916,315286486,309713644,289642278,258287669,4817,3265413,317511535,48.43,246164,73591,220,849,0.00,1030 + 23 part
maghini,D05,MEGAHIT,MEGAHIT-D05,192856,48250,9253,4979,2016,865,348422494,275055656,199995657,170070869,124151655,84344966,109509,520323,317389519,48.32,12754,2070,3971,21611,0.00,175 + 86 part
maghini,D05,METAMDBG,METAMDBG-D05,6622,6622,6273,4921,2186,981,346915309,346915309,345618039,334747418,291565783,249512955,6622,3658852,346915309,48.34,258598,41462,199,1216,0.00,1116 + 37 part
maghini,D05,SPAdes,SPAdes-D05,404141,50457,9557,5083,2000,858,413620091,283384984,205268419,174218092,126342342,86528191,119368,1086115,330472104,48.40,12075,1914,4266,24025,50.99,74 + 30 part
maghini,D05,SPAdesHybrid,SPAdesHybrid-D05,301885,35581,10882,5685,2204,1179,447090823,357956046,304548547,267960012,214744907,179328400,71628,1842826,382266850,48.52,39362,7192,1446,7904,1179.82,144 + 20 part
maghini,D06,FLYE,FLYE-D06,4581,4465,3739,3081,1917,1073,306867532,306785889,304574406,299739653,280598707,250859869,4576,3964463,306865608,47.70,290242,74284,171,734,0.00,1101 + 26 part
maghini,D06,MEGAHIT,MEGAHIT-D06,200144,49268,8703,4567,1919,871,348334628,271977780,193685572,165115717,123954752,87411138,113560,619946,316275576,48.03,11841,1920,3926,23458,0.00,202 + 86 part
maghini,D06,METAMDBG,METAMDBG-D06,6391,6391,6051,4756,2176,958,342553246,342553246,341296663,330937695,289817780,246896187,6391,5069483,342553246,47.61,264406,42243,172,1177,0.00,1137 + 31 part
maghini,D06,SPAdes,SPAdes-D06,441896,49152,8596,4469,1856,870,410968278,269968494,192469588,163932878,123976378,89697128,118873,666177,317461335,48.01,11250,1781,3978,24762,41.47,60 + 37 part
maghini,D06,SPAdesHybrid,SPAdesHybrid-D06,343078,36254,10880,5708,2082,982,444192895,343342136,289243409,252928557,198174853,160240945,74125,1928770,368854121,48.13,31822,6471,1593,8666,1013.12,110 + 26 part
maghini,D07,FLYE,FLYE-D07,8762,8588,6072,4224,2062,971,258761151,258637771,251005325,237610808,203552383,164812537,8753,3384132,258757351,47.95,102004,30430,460,1719,0.00,748 + 33 part
maghini,D07,MEGAHIT,MEGAHIT-D07,278982,70931,14904,8017,3311,1411,540369237,438157422,327336082,279361729,206274046,140057869,153547,1032242,495082733,48.29,15153,2584,5427,27346,0.00,281 + 116 part
maghini,D07,METAMDBG,METAMDBG-D07,7684,7684,6648,4634,1901,815,250023371,250023371,246244615,230640017,188373701,150298964,7684,3082057,250023371,47.56,88846,25444,433,1868,0.00,740 + 33 part
maghini,D07,SPAdes,SPAdes-D07,564458,68181,14661,7796,3183,1421,609465222,433468581,327733520,280003728,208347180,146828404,154401,1045394,492133454,48.36,15831,2618,5098,26261,46.00,101 + 36 part
maghini,D07,SPAdesHybrid,SPAdesHybrid-D07,534736,57801,11576,6294,2975,1619,619902676,451306729,361774625,325172266,273932130,226213823,138006,1094148,505712106,48.34,34895,3536,2258,15749,625.22,130 + 40 part
maghini,D08,FLYE,FLYE-D08,4132,4040,3629,3113,2139,1343,370053585,369990424,368754104,364871688,349014155,320194703,4130,4553355,370053156,46.91,335086,100080,208,748,0.00,1266 + 25 part
maghini,D08,MEGAHIT,MEGAHIT-D08,215745,55725,10526,5323,2102,896,383258211,303320488,213722389,177638549,127966722,85942385,121325,478816,348454187,48.04,10695,2080,4993,25859,0.00,198 + 62 part
maghini,D08,METAMDBG,METAMDBG-D08,6630,6630,6325,5097,2656,1306,418980448,418980448,417828735,407919219,369004923,321273557,6630,5202464,418980448,46.68,274366,54754,226,1172,0.00,1391 + 40 part
maghini,D08,SPAdes,SPAdes-D08,515301,55209,10644,5333,2037,867,457168358,300132144,211408429,174542503,124179245,83689160,123751,543488,346729789,47.94,10199,2035,5217,26378,48.55,62 + 25 part
maghini,D08,SPAdesHybrid,SPAdesHybrid-D08,395054,35719,12611,7074,2725,1261,496698454,385658344,334616292,295396371,228771463,178054122,69087,1335545,407946765,47.64,35026,8490,1885,8222,1215.66,111 + 25 part
maghini,D09,FLYE,FLYE-D09,5267,5103,4236,3455,2205,1252,330227233,330113160,327541025,321771990,301118600,267255396,5263,4856328,330225439,46.52,239936,70765,250,925,0.00,1084 + 27 part
maghini,D09,MEGAHIT,MEGAHIT-D09,218184,54421,10796,5504,2063,887,385586212,305009950,219326249,182362909,129136011,88378946,119503,540717,349896986,47.36,11500,2147,4813,24416,0.00,207 + 63 part
maghini,D09,METAMDBG,METAMDBG-D09,7032,7032,6572,5072,2287,957,363703416,363703416,361994089,350010845,305711405,259117594,7032,4927914,363703416,46.51,282112,40843,192,1262,0.00,1203 + 40 part
maghini,D09,SPAdes,SPAdes-D09,435857,52980,10778,5530,2055,853,437031807,301815499,219110767,182523853,128801164,87451480,119248,591155,346988749,47.37,11846,2165,4700,23715,63.23,59 + 25 part
maghini,D09,SPAdesHybrid,SPAdesHybrid-D09,351690,37497,10910,5901,2404,1194,465571097,362050433,306021877,270861278,217728660,175562406,78362,2873739,389574968,47.33,36647,6718,1641,8515,1468.05,128 + 31 part
maghini,D10,FLYE,FLYE-D10,5345,5245,3765,2712,1421,698,184684672,184615930,180185849,172641818,152281301,127161625,5336,3898791,184680820,45.66,132470,36600,247,967,0.00,553 + 26 part
maghini,D10,MEGAHIT,MEGAHIT-D10,112540,35076,7684,4618,2097,937,283903663,243881585,190723390,169224615,129608236,88958022,69981,774169,268283615,46.78,22938,3487,2287,10200,0.00,138 + 48 part
maghini,D10,METAMDBG,METAMDBG-D10,5109,5109,4604,3406,1428,629,184751178,184751178,182889595,173511485,142137078,114098046,5109,4974774,184751178,45.42,90142,27513,301,1292,0.00,580 + 29 part
maghini,D10,SPAdes,SPAdes-D10,185888,35051,7408,4549,2108,947,303289218,245086960,191727538,171664830,133318775,92005664,70978,773251,269982310,46.99,24151,3429,2177,10019,28.19,40 + 25 part
maghini,D10,SPAdesHybrid,SPAdesHybrid-D10,160609,27498,5706,3213,1619,963,310994442,260569489,217542487,200266706,175691437,152642910,56542,2178548,280613891,46.98,66595,6615,750,4470,597.72,69 + 26 part
